{
    "intrinsic_parameters": {
        "focal_length": [
            956.6371992152974,
            957.5514133936001
        ],
        "skew": 0.0,
        "principal_point": [
            369.05485490440975,
            651.4141996846588
        ]
    },
    "extrinsic_parameters": [
        {
            "image_id": 1,
            "rotation_matrix": [
                [
                    0.9969984729950256,
                    0.01387206432922359,
                    -0.07616830493606234
                ],
                [
                    -0.02511535422508049,
                    0.9885626996679808,
                    -0.14870443102780156
                ],
                [
                    0.07323430772346952,
                    0.1501710846215054,
                    0.9859439038382787
                ]
            ],
            "translation_vector": [
                -3.938294773117426,
                -3.6171629626621766,
                14.65911194291161
            ]
        },
        {
            "image_id": 2,
            "rotation_matrix": [
                [
                    0.8905216070799399,
                    -0.2419497797409265,
                    -0.38526818115058287
                ],
                [
                    0.12245551022949921,
                    0.943077372569933,
                    -0.3092082103713046
                ],
                [
                    0.43815056240771183,
                    0.22817838072418056,
                    0.869458861149794
                ]
            ],
            "translation_vector": [
                -1.4977159344273927,
                -0.6579189965048309,
                13.918170881468622
            ]
        }
    ],
    "radial_distortion_coefficients": [
        0.19763718893269,
        -0.7068699101326525,
        0.04879647967785064
    ],
    "reprojection_errors": {
        "mean_error": 0.06971439945721061,
        "std_dev": 0.0232137908988232
    }
}